id,group_id,firstname,lastname,episode_id
1,,Aaron,Phillips,
2,,Adam,Kavanagh,
3,,Adam,Young,
4,,Adam,Adams,
5,,Afften,DeShazer,
6,,AK,Kaye,
7,,Alana,Barfield,
8,,Alex,Manard,
9,,Alexandra,Martin,
10,,Ali,Moxley,
11,,Alison,Teal,
12,,Alyssa,Ballestero,
13,,Amal,Alyassiri,
14,,Amanda,Leigh,
15,,Amanda,MacArthur,
16,,Amber,Hargrove,
17,,Amber,Shine,
18,,Anastasia,Ashley,
19,,Andrea,Lopez,
20,,Andrew,Bishop,
21,,Andrew,Shayde,
22,,Andrew,Forestell,
23,,Angel,Rodriguez,
24,,Angela,Hammer,
25,,Angela,Narduzzi,
26,,Ann,Alford,
27,,Anna,Fanning,
28,,Annie,Foley,
29,,Anthony,Coppage,
30,,Aosha,Wells,
31,,Ashley,Morin,
32,,Ashley,Burns,
33,,Ava,Holmes,
34,,Ben,Johnson,
35,,Beverly,Reynolds,
36,,Bianca,Isidro,
37,,Billy,Berger,
38,,Blair,Braverman,
39,,Bo,Stuart,
40,,Brandon,Dix,
41,,Brandon,Snyder,
42,,Brandon,Pope,
43,,Bree,Walker,
44,,Brian,Schultz,
45,,Brittany,Wallace,
46,,Brooke,Wright,
47,,Bulent,Gurcan,
48,,Caesar,Aliva,
49,,Calvin,Popp,
50,,Carrie,Booze,
51,,Cass,Caddidy,
52,,Cassidy,Flynn,
53,,Cassie,DePecol,
54,,Cassie,Turner,
55,,Cat,Orza,
56,,Chad,Keel,
57,,Chalese,Meyer,
58,,Chance,Davis,
59,,Charlie,Frattini,
60,,Cheeny,Plante,
61,,Chris,Fischer,
62,,Christina,McQueen,
63,,Christopher,James,
64,,Clarence,Gilmer II,
65,,Clint,Jivoin,
66,,Connie,Kohlen,
67,,Cory,Williams,
68,,Dan,Link,
69,,Dan,Gardner,
70,,Dani,Beau,
71,,Dani,Julien,
72,,Daniel,Rosenberg,
73,,Danielle,Tomarchio,
74,,Danny,Graves,
75,,Daren,Jackson,
76,,Darrin,Reay,
77,,Darvil,McBride,
78,,Dave,Tucker,
79,,David,Scott,
80,,David,Shirley,
81,,Dawn,Dussault,
82,,Debbie,Harris,
83,,Diggie,Roberts,
84,,Diogo,De Souza,
85,,Don,Nguyen,
86,,Duck,Campbell,
87,,Duke,Brady,
88,,Dustin,Hobbs,
89,,Dylan,Williams,
90,,EJ,Snyder,
91,,Elijah,Strongheart,
92,,Elizabeth,Hensley,
93,,Emily,Caselman,
94,,Eric,Jorgenson,
95,,Eva,Rupert,
96,,Fernando,Calderon,
97,,Forrest,Galante,
98,,Gabriel,Moraga,
99,,Gabrielle,Balassone,
100,,Gary,Golding,
101,,Gary,Underhill,
102,,Geoff,Wilson,
103,,Giovanna,Horning,
104,,Greg,Wells,
105,,Gwen,Grimes,
106,,Hailey,Barber,
107,,Hakim,Isler,
108,,Holly,Roberts,
109,,Holly,Moss,
110,,Holly,Simmons,
111,,Honora,Bowen,
112,,Jaclyn,McCaffrey,
113,,Jake,Nodar,
114,,Jake,Johnson,
115,,James,Lewis,
116,,Jamie,Frizzell,
117,,Jamie,Little,
118,,Jared,Guillien,
119,,Jared,Fanning,
120,,Jason,Szabo,
121,,Jason,Gassaway,
122,,Jeff,Zausch,
123,,Jen,Taylor,
124,,Jennifer,Cochran,
125,,Jeremy,McCaa,
126,,Jeremy,Upshaw,
127,,Jeremy,Rowe,
128,,Jermaine,Jackson,
129,,Jess,Cornellier,
130,,Jesse,Everett,
131,,Jessica,Kayrouz,
132,,Joe,Ortlip,
133,,Joe,Nichter,
134,,Joe,Brandl,
135,,Joe,Maynard,
136,,Jon,Bonessi,
137,,Jon,Hart,
138,,Jonathan,Klay,
139,,Jonathan,Short,
140,,Joshua,Bell,
141,,Julia,Bulinsky,
142,,Julie,Wright,
143,,Julio,Castano,
144,,Justin,Bullard,
145,,Justin,Tuell,
146,,Kacie,Cleveland,
147,,Kaiela,Hobart,
148,,Kaila,Cumings,
149,,Kaila,Donaldson,
150,,Karen,Coffee,
151,,Karra,Falkenstein,
152,,Kat,Sibley,
153,,Kate,Wentworth,
154,,Kayla,Groves,
155,,Keith,Busch,
156,,Kellie,Nightlinger,
157,,Kelly,Roske,
158,,Kerra,Bennett,
159,,Kim,Kelly,
160,,Kim,Shelton,
161,,Kristin,Young,
162,,Ky,Furneaux,
163,,Kyle,Oelofse,
164,,Lacey,Jones,
165,,Larry,Little,
166,,Laura,Zerra,
167,,Laura,Thompson-Nelson,
168,,Laurae,Hughes,
169,,Lauren,Fagen,
170,,Leah,McCabe,
171,,Leah,Chandler,
172,,Leah,Olszewski,
173,,LeAnn,Duncan,
174,,Lee,Trew,
175,,Lee,Diehl,
176,,Lincoln,Samuelson,
177,,Lindsay,Boisclair,
178,,Lindsey,Leitelt,
179,,Lisa,Hagan,
180,,Lisa,Coray,
181,,Luke,McLaughlin,
182,,Luke,Pytlik,
183,,Lynsey,McCarver,
184,,Maci,Bookout,
185,,Makani,Nalu,
186,,Manu,Toigo,
187,,Maria,Corrales,
188,,Marissa,Joy,
189,,Matt,Wright,
190,,Matt,Garland,
191,,Matt,Alexander,
192,,Matt,Strutzel,
193,,Max,Djenohan,
194,,McKenzie,Clark,
195,,Meghann,Harris,
196,,Melanie,Rauscher,
197,,Melissa,Miller,
198,,Melissa,LeEllen,
199,,Michael,Dietrich,
200,,Michael,Jefferson,
201,,Michaelyn,Ritchie,
202,,Michelle,Etchings,
203,,Mike,Morency,
204,,Molly,Jansen,
205,,Molly,Cowles,
206,,Molly,Daley,
207,,Monica,Heim,
208,,Morgan,Reed,
209,,Nate,Cook,
210,,Nathan,Martinez,
211,,Nathan,Olesen,
212,,Nicklas,Lautakoski,
213,,Nicole,Terry,
214,,Nicole,Smith,
215,,Noah,Mattes,
216,,Paolo,Digiralomo,
217,,Phaedra,Brothers,
218,,Puma,Cabra,
219,,Quince,Mountain,
220,,Rebel,Blalock,
221,,Rhonda,Placourakis,
222,,Rizza,Bagan,
223,,Robin,Barber,
224,,Rod,Biggs,
225,,Rose,Godfrey,
226,,Russell,Sage,
227,,Rusty,Thomas,
228,,Ryan,Holt,
229,,Ryan,Eacret,
230,,Rylie,Parlett,
231,,Sabrina,Mergenthaler,
232,,Sam,Gerges,
233,,Samantha,Pearson,
234,,Samantha,Cline,
235,,Samantha,Ohl,
236,,Sara,Burkett,
237,,Sarah,Danser,
238,,Sarah,Bartell,
239,,Sarah,Wiley,
240,,Sarah,Salmond,
241,,Scott,Thompson,
242,,Scott,Davis,
243,,Serena,Shine,
244,,Seth,Reece,
245,,Shane,Lewis,
246,,Shane,Bulloch,
247,,Shanika,Malcolm,
248,,Shannon,Kulpa,
249,,Shannon,Thomas,
250,,Shaun,Harvey,
251,,Sherean,Rogouski,
252,,Stacey,Osorio,
253,,Star,Torres,
254,,Steve,Hansen,
255,,Steven,Lee Hall Jr,
256,,Steven,Townes,
257,,Suzanne,Zeta,
258,,Tanner,Barclay,
259,,Tara,Skubella,
260,,Tawny,Lynn,
261,,Teal,Bulthius,
262,,Terra,Short,
263,,Theresa,Owens,
264,,Thomas,Virgets,
265,,Tim,Phillips,
266,,Timothy,Lair,
267,,Tom,McElroy,
268,,Tom,Touw,
269,,Tommy,Brown,
270,,Tony,Wheeler,
271,,Trent,Nielsen,
272,,Trenton,Harper,
273,,Trevor,Rasmussen,
274,,Trish,Bulinsky,
275,,Tyler,Steinle,
276,,Vincent,Pinto,
277,,Warren,Virgets,
278,,Warrick,Harvey,
279,,Waylon,Harper,
280,,Waz,Addy,
281,,Wes,Harper,
282,,Wes,Adams,
283,,Wes,Heustess,
284,,Whitney,Hamblin,
285,,Zach,Benton,
286,,Zack,Buck,